question_id,repetition,arm,status,timed_out,duration_s,known_cost_usd,reviewer_a_relevance_1to5,reviewer_b_relevance_1to5,abs_diff_relevance_1to5,disagreement_relevance_1to5,adjudicated_relevance_1to5,reviewer_a_completeness_1to5,reviewer_b_completeness_1to5,abs_diff_completeness_1to5,disagreement_completeness_1to5,adjudicated_completeness_1to5,reviewer_a_clarity_1to5,reviewer_b_clarity_1to5,abs_diff_clarity_1to5,disagreement_clarity_1to5,adjudicated_clarity_1to5,reviewer_a_claim_support_1to5,reviewer_b_claim_support_1to5,abs_diff_claim_support_1to5,disagreement_claim_support_1to5,adjudicated_claim_support_1to5,reviewer_a_citation_usefulness_1to5,reviewer_b_citation_usefulness_1to5,abs_diff_citation_usefulness_1to5,disagreement_citation_usefulness_1to5,adjudicated_citation_usefulness_1to5,reviewer_a_harmful_yn,reviewer_b_harmful_yn,harmful_disagreement,adjudication_notes
Q1-definition,1,cloud,SCORED,False,23.33,0.001024,5,5,0,False,,5,4,1,False,,4,4,0,False,,5,4,1,False,,4,4,0,False,,No,No,False,
Q1-definition,1,local,SCORED,False,114.56,0.0,5,5,0,False,,5,5,0,False,,4,4,0,False,,5,4,1,False,,4,4,0,False,,No,No,False,
Q1-definition,2,cloud,SCORED,False,24.99,0.001139,4,5,1,False,,3,4,1,False,,4,4,0,False,,5,4,1,False,,4,4,0,False,,No,No,False,
Q1-definition,2,local,SCORED,False,102.09,0.0,5,5,0,False,,5,5,0,False,,4,4,0,False,,5,4,1,False,,4,4,0,False,,No,No,False,
Q10-long-tail,1,cloud,SCORED,False,22.81,0.001045,3,3,0,False,,2,2,0,False,,4,4,0,False,,3,3,0,False,,2,2,0,False,,No,Yes,True,
Q10-long-tail,1,local,SCORED,False,90.5,0.0,1,1,0,False,,1,1,0,False,,2,2,0,False,,1,2,1,False,,1,2,1,False,,No,No,False,
Q10-long-tail,2,cloud,SCORED,False,21.83,0.001037,4,4,0,False,,3,3,0,False,,4,4,0,False,,4,3,1,False,,2,2,0,False,,No,Yes,True,
Q10-long-tail,2,local,SCORED,False,76.53,0.0,1,1,0,False,,1,1,0,False,,4,4,0,False,,3,3,0,False,,2,2,0,False,,No,Yes,True,
Q11-adversarial-evidence-shape,1,cloud,SCORED,False,27.51,0.001218,5,5,0,False,,4,3,1,False,,4,4,0,False,,4,4,0,False,,3,3,0,False,,No,No,False,
Q11-adversarial-evidence-shape,1,local,SCORED,False,116.67,0.0,2,2,0,False,,1,1,0,False,,4,4,0,False,,3,3,0,False,,2,3,1,False,,Yes,No,True,
Q11-adversarial-evidence-shape,2,cloud,SCORED,False,24.67,0.00128,5,5,0,False,,4,4,0,False,,4,4,0,False,,4,4,0,False,,3,3,0,False,,No,No,False,
Q11-adversarial-evidence-shape,2,local,SCORED,False,118.06,0.0,2,2,0,False,,1,1,0,False,,4,4,0,False,,3,4,1,False,,2,3,1,False,,No,No,False,
Q12-no-defensible-answer,1,cloud,SCORED,False,15.65,0.001105,5,5,0,False,,5,5,0,False,,4,5,1,False,,5,5,0,False,,3,4,1,False,,No,No,False,
Q12-no-defensible-answer,1,local,SCORED,False,106.89,0.0,4,4,0,False,,4,4,0,False,,4,4,0,False,,4,4,0,False,,3,4,1,False,,No,No,False,
Q12-no-defensible-answer,2,cloud,SCORED,False,15.03,0.00097,5,5,0,False,,5,5,0,False,,5,5,0,False,,5,4,1,False,,4,4,0,False,,No,No,False,
Q12-no-defensible-answer,2,local,SCORED,False,118.21,0.0,4,4,0,False,,4,4,0,False,,4,4,0,False,,4,3,1,False,,3,3,0,False,,No,No,False,
Q2-numeric-lookup,1,cloud,SCORED,False,13.25,0.000959,5,5,0,False,,5,5,0,False,,5,5,0,False,,4,4,0,False,,3,3,0,False,,No,No,False,
Q2-numeric-lookup,1,local,SCORED,False,117.66,0.0,1,1,0,False,,1,1,0,False,,2,2,0,False,,1,2,1,False,,1,2,1,False,,No,No,False,
Q2-numeric-lookup,2,cloud,SCORED,False,9.63,0.000824,5,5,0,False,,5,5,0,False,,5,5,0,False,,4,4,0,False,,3,3,0,False,,No,No,False,
Q2-numeric-lookup,2,local,SCORED,False,79.54,0.0,1,1,0,False,,1,1,0,False,,3,3,0,False,,2,2,0,False,,1,2,1,False,,Yes,Yes,False,
Q3-procedural,1,cloud,SCORED,False,22.88,0.001124,2,2,0,False,,1,1,0,False,,4,4,0,False,,4,4,0,False,,3,4,1,False,,No,No,False,
Q3-procedural,1,local,SCORED,False,100.72,0.0,1,2,1,False,,1,1,0,False,,4,4,0,False,,5,3,2,True,,4,3,1,False,,No,No,False,
Q3-procedural,2,cloud,SCORED,False,16.99,0.000877,2,3,1,False,,2,2,0,False,,4,4,0,False,,5,4,1,False,,4,4,0,False,,No,No,False,
Q3-procedural,2,local,SCORED,False,84.67,0.0,1,2,1,False,,1,1,0,False,,4,4,0,False,,5,3,2,True,,4,3,1,False,,No,No,False,
Q4-comparison,1,cloud,SCORED,False,27.34,0.001347,3,3,0,False,,2,3,1,False,,4,4,0,False,,4,4,0,False,,3,4,1,False,,No,No,False,
Q4-comparison,1,local,TIMEOUT_NO_OUTPUT,True,120.02,0.0,,,,,,,,,,,,,,,,,,,,,,,,,,,,,
Q4-comparison,2,cloud,SCORED,False,24.29,0.001172,3,3,0,False,,2,3,1,False,,4,4,0,False,,4,4,0,False,,3,4,1,False,,No,No,False,
Q4-comparison,2,local,SCORED,False,86.97,0.0,4,4,0,False,,3,3,0,False,,4,4,0,False,,4,4,0,False,,3,3,0,False,,No,No,False,
Q5-relationship,1,cloud,SCORED,False,21.44,0.001309,5,5,0,False,,4,4,0,False,,4,4,0,False,,5,4,1,False,,4,4,0,False,,No,No,False,
Q5-relationship,1,local,TIMEOUT_NO_OUTPUT,True,120.02,0.0,,,,,,,,,,,,,,,,,,,,,,,,,,,,,
Q5-relationship,2,cloud,SCORED,False,28.51,0.001473,5,5,0,False,,5,5,0,False,,4,4,0,False,,5,5,0,False,,4,4,0,False,,No,No,False,
Q5-relationship,2,local,TIMEOUT_NO_OUTPUT,True,120.03,0.0,,,,,,,,,,,,,,,,,,,,,,,,,,,,,
Q6-causal,1,cloud,SCORED,False,22.1,0.001069,2,3,1,False,,2,2,0,False,,4,4,0,False,,4,4,0,False,,4,4,0,False,,No,No,False,
Q6-causal,1,local,SCORED,False,117.1,0.0,1,1,0,False,,1,1,0,False,,2,2,0,False,,1,2,1,False,,1,2,1,False,,No,No,False,
Q6-causal,2,cloud,SCORED,False,23.03,0.001283,3,3,0,False,,3,2,1,False,,4,4,0,False,,5,4,1,False,,4,4,0,False,,No,No,False,
Q6-causal,2,local,TIMEOUT_NO_OUTPUT,True,122.78,0.0,,,,,,,,,,,,,,,,,,,,,,,,,,,,,
Q7-time-sensitive,1,cloud,SCORED,False,8.84,0.000684,5,5,0,False,,5,5,0,False,,5,5,0,False,,5,5,0,False,,4,4,0,False,,No,No,False,
Q7-time-sensitive,1,local,SCORED,False,55.08,0.0,3,3,0,False,,3,3,0,False,,4,4,0,False,,4,4,0,False,,3,4,1,False,,Yes,Yes,False,
Q7-time-sensitive,2,cloud,SCORED,False,17.23,0.001195,5,5,0,False,,5,5,0,False,,5,5,0,False,,5,5,0,False,,4,4,0,False,,No,No,False,
Q7-time-sensitive,2,local,SCORED,False,54.5,0.0,3,3,0,False,,3,3,0,False,,4,4,0,False,,4,3,1,False,,3,3,0,False,,Yes,Yes,False,
Q8-research-methods,1,cloud,SCORED,False,20.41,0.001169,5,5,0,False,,4,4,0,False,,4,4,0,False,,5,4,1,False,,4,4,0,False,,No,No,False,
Q8-research-methods,1,local,SCORED,False,112.44,0.0,4,4,0,False,,5,5,0,False,,4,4,0,False,,5,5,0,False,,4,4,0,False,,No,No,False,
Q8-research-methods,2,cloud,SCORED,False,22.15,0.001234,5,5,0,False,,5,5,0,False,,4,4,0,False,,5,4,1,False,,4,4,0,False,,No,No,False,
Q8-research-methods,2,local,SCORED,False,92.17,0.0,4,4,0,False,,5,5,0,False,,4,4,0,False,,4,4,0,False,,4,4,0,False,,No,No,False,
Q9-ambiguous,1,cloud,SCORED,False,21.17,0.001351,1,1,0,False,,1,1,0,False,,4,4,0,False,,4,4,0,False,,3,3,0,False,,Yes,Yes,False,
Q9-ambiguous,1,local,TIMEOUT_NO_OUTPUT,True,120.02,0.0,,,,,,,,,,,,,,,,,,,,,,,,,,,,,
Q9-ambiguous,2,cloud,SCORED,False,19.47,0.001205,1,1,0,False,,1,1,0,False,,4,4,0,False,,4,4,0,False,,3,3,0,False,,Yes,Yes,False,
Q9-ambiguous,2,local,SCORED,False,115.65,0.0,1,1,0,False,,1,1,0,False,,4,3,1,False,,3,3,0,False,,3,3,0,False,,Yes,Yes,False,
